{"cameraMode":{"drawMode":0,"name":"Shaded","section":"Shading Mode"},"sceneLighting":false,"audioPlay":false,"sceneViewState":{"m_AlwaysRefresh":false,"showFog":true,"showSkybox":true,"showFlares":true,"showImageEffects":true,"showParticleSystems":true,"showVisualEffectGraphs":true,"m_FxEnabled":true},"in2DMode":false,"pivot":{"x":325.55657958984377,"y":200.66705322265626,"z":197.1305389404297},"rotation":{"x":0.04167308285832405,"y":-0.013771271333098412,"z":-0.000691987806931138,"w":-0.9990968108177185},"size":372.92047119140627,"orthographic":false}